date,open,high,low,close,volume
2023-01-03,149.174370,149.404508,148.972230,149.202330,66086856
2023-01-04,149.098291,150.251466,148.645585,149.796639,58265994
2023-01-05,149.032219,149.530998,148.052400,148.549564,10123205
2023-01-06,148.287731,151.822790,147.137609,150.654313,45078540
2023-01-09,150.934999,151.122141,149.908799,150.094899,17442384
2023-01-10,150.619785,151.981478,148.372457,149.726070,47963074
2023-01-11,149.679659,150.285352,149.357445,149.962529,55192557
2023-01-12,150.185214,152.417440,149.724770,151.951580,50922680
2023-01-13,152.339780,155.346573,150.927075,153.919221,32630762
2023-01-16,153.503929,154.357716,151.151380,151.996785,48726546
2023-01-17,152.480513,154.456209,150.488126,152.463603,24652292
2023-01-18,153.529835,155.346503,151.312959,153.124835,40120258
2023-01-19,152.744934,154.401462,152.550392,154.205060,16213113
2023-01-20,154.903436,155.772126,153.065892,153.929119,63585530
2023-01-23,154.576165,156.194853,151.896435,153.503895,53830753
2023-01-24,153.306312,155.291417,150.405278,152.378366,53828677
2023-01-25,151.825464,153.083187,149.143033,150.388855,28942961
2023-01-26,150.629900,151.304131,149.853683,150.527456,36104508
2023-01-27,149.654678,151.100178,149.435658,150.879366,32393252
2023-01-30,150.822520,152.514403,147.149500,148.818907,22064357
2023-01-31,148.943014,149.400802,146.138207,146.588759,66431800
2023-02-01,146.623935,148.074771,144.096594,145.536672,47230407
2023-02-02,144.822805,148.012139,143.591088,146.763913,42377212
2023-02-03,146.555682,148.811894,145.953760,148.203205,21443624
2023-02-06,148.197131,149.953576,147.341853,149.093128,54825299
2023-02-07,149.461353,152.747370,148.353491,151.623481,49718416
2023-02-08,151.827085,153.465560,149.984603,151.620853,48454337
2023-02-09,152.134884,156.841639,150.145461,154.817141,68355563
2023-02-10,154.638507,156.101226,153.166597,154.629228,22598120
2023-02-13,155.135553,157.808111,154.492622,157.156802,33679956
2023-02-14,157.054095,157.775961,155.029802,155.745654,12077388
2023-02-15,156.177532,157.731973,153.728494,155.273942,13851017
2023-02-16,155.021708,158.052069,154.487342,157.509129,32280261
2023-02-17,157.771816,160.478963,156.273040,158.968816,49779802
2023-02-20,158.626712,158.882105,155.239064,155.489405,33783595
2023-02-21,154.505100,157.913140,154.141295,157.542184,41953435
2023-02-22,157.972396,160.884102,156.070073,158.969769,18567271
2023-02-23,159.437184,159.702603,157.418010,157.680505,35931517
2023-02-24,157.427826,159.898818,156.798355,159.262013,15171482
2023-02-27,158.545263,162.419001,158.168264,162.033706,18418098
2023-02-28,161.733475,163.418666,161.200176,162.881582,52736116
2023-03-01,162.032859,163.095350,161.702528,162.763529,17890065
2023-03-02,162.935195,163.541161,160.571660,161.171064,39382286
2023-03-03,160.478773,165.355651,158.428178,163.269397,59786567
2023-03-06,163.487657,166.396425,161.327661,164.226666,31570288
2023-03-07,163.963750,166.966587,163.078121,166.069584,24379849
2023-03-08,165.906062,171.785531,164.111053,169.946803,46013503
2023-03-09,169.236170,169.639082,166.965781,167.364236,50860569
2023-03-10,166.825034,171.923450,165.741838,170.814351,64714349
2023-03-13,171.025692,178.086060,169.667518,176.682960,20183543
2023-03-14,176.993312,180.525486,176.303479,179.824618,59147669
2023-03-15,180.196919,182.123861,178.969933,180.892141,59849820
2023-03-16,181.047797,182.813196,178.648854,180.408014,16058772
2023-03-17,180.573845,183.895057,178.329711,181.637701,9917332
2023-03-20,181.421443,184.169365,180.668442,183.408118,52415230
2023-03-21,182.856824,186.086055,180.223765,183.444533,49101639
2023-03-22,184.167683,187.707990,183.667009,187.199075,61884226
2023-03-23,187.657895,191.200290,185.189141,188.717595,40362699
2023-03-24,188.698967,191.391390,186.774759,189.459427,69183009
2023-03-27,189.703416,190.232393,189.383389,189.912014,29425485
2023-03-28,190.251579,193.053211,184.857332,187.620215,22099837
2023-03-29,187.753687,189.786436,183.267179,185.273071,45570616
2023-03-30,185.464910,187.043814,181.867714,183.429289,62140009
2023-03-31,183.095979,185.550239,181.103893,183.553178,69712638
2023-04-03,184.406671,185.135626,181.345774,182.065474,14070510
2023-04-04,181.545783,183.585599,181.104843,183.140786,22075383
2023-04-05,183.313809,183.708571,179.500160,179.887543,19330487
2023-04-06,180.066593,181.164867,178.199468,179.293023,10524277
2023-04-07,179.298634,181.513711,174.739808,176.925568,50686965
2023-04-10,177.277671,179.590040,174.221546,176.524085,9839625
2023-04-11,176.808965,177.037544,173.415915,173.640399,45060389
2023-04-12,173.831880,174.748650,170.841035,171.746809,65406559
2023-04-13,171.022749,177.528000,169.200602,175.656483,38401942
2023-04-14,175.695755,178.229270,168.806742,171.276533,46674753
2023-04-17,170.876752,175.722829,170.657257,175.497399,43788503
2023-04-18,175.726737,177.678007,172.428638,174.364785,9229030
2023-04-19,174.908592,177.209958,171.591032,173.878849,52496901
2023-04-20,173.507952,175.749093,170.341353,172.570384,8917082
2023-04-21,172.439519,177.398260,170.124921,175.048641,63952630
2023-04-24,175.403209,177.052460,174.160076,175.806468,16431532
2023-04-25,175.414156,179.555981,174.553793,178.679602,55095690
2023-04-26,178.417394,180.889467,176.694649,179.159557,32781278
2023-04-27,179.398361,179.906233,176.788394,177.290299,8689963
2023-04-28,176.990093,181.016539,176.263788,180.276748,69108043
2023-05-01,180.546477,183.498185,177.839369,180.787464,61015435
2023-05-02,181.146204,183.284472,178.536727,180.669365,44525906
2023-05-03,179.827536,180.775902,179.249664,180.196844,20199216
2023-05-04,180.321811,183.782510,177.681835,181.130692,23093506
2023-05-05,180.519971,181.273882,180.070902,180.824057,60097914
2023-05-08,179.982580,185.713144,179.019888,184.725086,61248553
2023-05-09,184.809031,185.198775,183.846587,184.235121,41461910
2023-05-10,184.684493,187.036086,178.485992,180.787971,23129585
2023-05-11,180.955730,183.038202,176.827223,178.885874,60319298
2023-05-12,178.898901,180.948784,174.575368,176.598896,59364875
2023-05-15,176.338259,182.007003,174.191277,179.817658,21476924
2023-05-16,179.547213,182.968610,178.957719,182.369848,55870216
2023-05-17,182.642101,187.030565,180.090786,184.453941,49058878
2023-05-18,184.949470,185.207542,184.019906,184.277040,27153152
2023-05-19,183.796767,186.232171,177.259945,179.640274,54764824
2023-05-22,180.432252,180.684992,179.088963,179.340174,37771639
2023-05-23,179.087535,180.045791,172.530890,173.459029,29941690
2023-05-24,173.734464,175.444366,171.764010,173.471323,21054630
2023-05-25,173.052311,177.545578,172.560566,177.042495,36465759
2023-05-26,177.364943,179.286444,176.245995,178.162464,28535100
2023-05-29,178.516720,182.585400,177.720988,181.775144,11262816
2023-05-30,182.162261,183.865368,180.024359,181.723362,55002554
2023-05-31,181.879624,183.632750,180.051694,181.804093,56265286
2023-06-01,182.432816,183.300207,179.873163,180.732471,26208460
2023-06-02,180.857854,181.369833,180.232725,180.744383,20733932
2023-06-05,180.718461,183.635185,178.731841,181.638451,59684262
2023-06-06,181.473534,183.729743,176.816345,179.042327,68745696
2023-06-07,179.960165,180.759298,175.570186,176.353302,16503356
2023-06-08,176.179284,176.971484,175.121911,175.912914,23843838
2023-06-09,175.914761,176.621204,173.126065,173.824113,37068611
2023-06-12,173.251452,173.888925,171.964962,172.600038,59774828
2023-06-13,173.789524,177.383228,173.311612,176.896771,43836106
2023-06-14,176.547796,178.894366,172.227609,174.547594,44914070
2023-06-15,173.594391,177.435217,172.146369,175.967402,35387170
2023-06-16,175.620267,179.527098,173.768426,177.653813,38263842
2023-06-19,177.321533,179.595505,175.596759,177.865441,15710581
2023-06-20,177.853638,182.557108,175.916185,180.589847,16583495
2023-06-21,180.955032,181.410807,179.719881,180.173688,24056185
2023-06-22,180.498674,182.803239,175.358800,177.626697,50100992
2023-06-23,177.312576,180.474866,175.164674,178.314823,67315888
2023-06-26,177.976825,178.511019,177.554070,178.088000,52913588
2023-06-27,177.748400,182.517837,175.443181,180.181068,37653097
2023-06-28,180.440993,184.282810,179.335906,183.161064,24829572
2023-06-29,183.123196,187.649951,180.794894,185.294047,29775995
2023-06-30,185.975824,186.912374,184.985353,185.921630,17798277
2023-07-03,185.435188,185.857443,181.579350,181.993768,8032402
2023-07-04,182.155043,182.974454,177.446621,178.248458,26405813
2023-07-05,177.764648,180.367109,174.615075,177.209407,21557357
2023-07-06,177.341667,178.745834,176.925554,178.327407,25675015
2023-07-07,178.672878,178.929207,175.422397,175.674424,47117402
2023-07-10,174.755728,179.340073,172.141303,176.696611,64120952
2023-07-11,176.703529,180.635996,174.166734,178.079448,47858206
2023-07-12,178.151233,181.515734,176.570492,179.919305,62719166
2023-07-13,180.168024,185.990431,178.830198,184.619551,50371637
2023-07-14,184.104176,185.898041,182.681409,184.472427,35028103
2023-07-17,183.885033,186.622704,176.274566,178.938594,54712213
2023-07-18,178.626647,182.215354,176.284621,179.857195,63626925
2023-07-19,179.618152,182.261309,174.566849,177.174039,10179582
2023-07-20,177.814509,180.373259,173.666599,176.202147,30312161
2023-07-21,176.658173,179.108390,172.897588,175.329375,44949408
2023-07-24,175.534017,177.573183,170.205317,172.205819,49570590
2023-07-25,172.107729,173.566637,170.478586,171.936038,33660365
2023-07-26,172.086185,176.372404,171.651018,175.927523,59517945
2023-07-27,176.264925,180.780311,174.088890,178.575748,37492333
2023-07-28,178.829319,182.417308,176.817438,180.387892,28637221
2023-07-31,181.105375,183.421958,178.735360,181.051251,45757176
2023-08-01,181.003357,182.276813,176.758187,178.010586,32441004
2023-08-02,177.659939,178.584450,175.483112,176.401072,42409899
2023-08-03,176.775876,178.334201,175.178174,176.736149,11330177
2023-08-04,176.083093,178.385735,172.610450,174.897589,17603675
2023-08-07,174.729712,180.046540,172.963098,178.244390,67756198
2023-08-08,178.525116,178.907044,174.863140,175.238036,32111557
2023-08-09,174.207159,175.778781,173.082235,174.650991,53494494
2023-08-10,174.651760,176.399455,171.262643,172.993747,48182137
2023-08-11,172.109298,175.590502,169.587350,173.054701,41668465
2023-08-14,172.143201,174.952067,169.661016,172.465239,32054008
2023-08-15,172.488117,174.635354,170.104441,172.248698,50803523
2023-08-16,171.700665,181.267502,169.643735,179.121670,34850406
2023-08-17,179.193363,182.210109,178.931407,181.944131,63841781
2023-08-18,181.838045,183.083732,177.287157,178.510045,68017993
2023-08-21,178.773968,185.286613,177.686508,184.166352,53161492
2023-08-22,183.741341,185.700306,180.207504,182.149497,55389761
2023-08-23,181.500654,188.255195,179.034402,185.731454,21834474
2023-08-24,185.373739,189.571345,183.128117,187.302360,26135452
2023-08-25,186.456643,187.075055,184.950887,185.566346,57361564
2023-08-28,185.419113,189.171397,184.232464,187.968434,31608333
2023-08-29,188.292300,191.780085,186.069852,189.542877,41359863
2023-08-30,189.315222,196.652495,186.478154,193.748983,41299176
2023-08-31,194.581844,194.895258,191.225941,191.534448,43177683
2023-09-01,191.331710,198.247774,189.321064,196.186114,37968792
2023-09-04,196.501403,198.166341,191.664201,193.302031,24798836
2023-09-05,194.113018,195.339506,189.132529,190.335146,19834418
2023-09-06,190.497705,193.163138,188.818855,191.475669,50484242
2023-09-07,191.235627,193.460668,189.281881,191.504179,49603263
2023-09-08,191.380510,194.228914,186.506276,189.324073,35371608
2023-09-11,189.174625,196.611715,187.946662,195.343708,49719709
2023-09-12,195.261933,199.009005,194.658259,198.395643,22817447
2023-09-13,199.020205,200.155062,196.946934,198.076410,15995177
2023-09-14,197.695859,201.155250,195.907170,199.351581,43729568
2023-09-15,199.833644,201.425530,194.166934,195.726099,43275292
2023-09-18,196.521757,201.244372,193.767555,198.462964,59745068
2023-09-19,199.069507,200.183503,198.818160,199.931068,60823371
2023-09-20,199.770617,205.399330,197.293281,202.883393,36196655
2023-09-21,201.926533,202.707505,198.936812,199.709207,23476265
2023-09-22,199.629021,201.473867,191.778448,193.567275,28000388
2023-09-25,193.155150,195.649613,191.843311,194.329796,28301842
2023-09-26,194.232287,197.966444,193.684147,197.409338,48528872
2023-09-27,197.303342,197.584118,196.981354,197.262070,38259991
2023-09-28,197.771965,201.655066,196.264846,200.129978,14921074
2023-09-29,199.092194,205.429831,196.631852,202.922159,54768961
2023-10-02,202.411261,207.518035,200.141310,205.216625,23122473
2023-10-03,205.400182,207.100637,199.284187,200.947781,46385559
2023-10-04,202.641663,203.242769,198.691537,199.282679,58424477
2023-10-05,199.514987,203.545225,197.283016,201.293359,17096690
2023-10-06,199.998068,202.888149,199.282724,202.165054,27302894
2023-10-09,201.354346,204.186560,196.977343,199.787518,28072648
2023-10-10,198.633478,200.570046,198.272710,200.206421,35686278
2023-10-11,199.642202,202.416695,197.553307,200.320702,26104256
2023-10-12,199.862579,202.533041,199.067958,201.730992,44321925
2023-10-13,202.633488,203.233113,200.783046,201.378959,10476697
2023-10-16,200.810639,203.438671,198.885057,201.506416,52494960
2023-10-17,200.861155,206.195238,198.198109,203.497242,42103784
2023-10-18,203.195274,205.469537,200.553002,202.823100,60163466
2023-10-19,202.674438,204.603960,202.266004,204.192467,30970351
2023-10-20,204.110807,205.566011,201.477537,202.924282,29862566
2023-10-23,202.035842,202.948680,200.041424,200.949353,55828051
2023-10-24,199.587008,201.726536,198.830646,200.964952,36031509
2023-10-25,200.367395,205.261625,197.505266,202.370878,56833563
2023-10-26,201.743758,204.893938,200.483663,203.622110,44104367
2023-10-27,203.954139,205.928850,202.216072,204.188783,42606269
2023-10-30,204.389025,205.463913,201.819756,202.886744,37163896
2023-10-31,203.234852,207.652028,200.649665,205.043830,43236047
2023-11-01,204.821483,206.196519,200.315815,201.669692,49571585
2023-11-02,202.102317,202.678263,198.578055,199.145574,18141036
2023-11-03,199.385363,199.891462,196.276701,196.776177,32563638
2023-11-06,197.375671,198.505120,193.932692,195.048827,48428178
2023-11-07,195.361814,196.507416,175.759465,176.796198,53657275
2023-11-08,176.199705,177.588949,173.965315,175.347843,18170983
2023-11-09,176.077069,176.819823,172.591067,173.322200,20146163
2023-11-10,174.002723,176.437541,171.683320,174.116620,41886891
2023-11-13,174.660755,177.994708,173.449806,176.769141,13892736
2023-11-14,176.985515,177.250297,174.498453,174.759905,42459152
2023-11-15,174.860513,177.357781,167.543125,169.970558,51947954
2023-11-16,169.866832,170.048816,166.150677,166.328871,19829728
2023-11-17,166.382739,167.427601,165.055923,166.099004,63862703
2023-11-20,165.643212,165.883989,163.296926,163.534638,43384440
2023-11-21,163.746820,165.030246,162.781155,164.062718,48804886
2023-11-22,162.723916,167.735929,161.995953,166.988886,67768545
2023-11-23,166.439447,169.512825,166.204952,169.274336,39731062
2023-11-24,169.629912,174.910037,168.722648,173.979508,24844286
2023-11-27,173.754660,179.864937,171.294030,177.353344,58655909
2023-11-28,177.327290,180.663068,176.136235,179.457703,39714789
2023-11-29,179.345437,183.687196,178.210396,182.531988,48413928
2023-11-30,182.249574,185.931824,181.232029,184.899484,30302218
2023-12-01,184.928784,186.576710,182.209103,183.847392,25864882
2023-12-04,183.725068,188.765999,181.657308,186.665150,51206301
2023-12-05,186.334408,192.851779,185.270425,191.756833,20058645
2023-12-06,191.389586,194.758366,188.935171,192.292374,57838908
2023-12-07,192.935600,194.604193,189.976238,191.633571,45945518
2023-12-08,192.346846,194.437028,186.566492,188.616133,63046487
2023-12-11,188.235547,188.711143,185.843270,186.314011,41926824
2023-12-12,186.089794,189.411742,184.829668,188.137748,55362674
2023-12-13,186.749736,189.420740,184.820429,187.483848,10490196
2023-12-14,188.658332,189.739186,184.513431,185.576629,67700879
2023-12-15,185.631183,186.886853,183.467559,184.717045,68441044
2023-12-18,184.092196,190.056197,182.017734,187.938393,69510565
2023-12-19,188.355006,190.683812,188.129873,190.456168,15572829
2023-12-20,190.170088,192.915135,187.954368,190.693319,42466005
2023-12-21,190.630166,193.183005,186.544818,189.076857,11426161
2023-12-22,189.252592,190.197914,186.835433,187.773366,18399287
2023-12-25,188.051827,189.160854,185.876443,186.979144,43153967
2023-12-26,187.116715,189.610058,182.103915,184.563233,27225436
2023-12-27,185.268589,185.650534,182.175511,182.551856,33708041
2023-12-28,182.445488,187.126012,179.793208,184.444670,13266141
2023-12-29,184.597127,187.409004,182.188269,184.994955,54542912
2024-01-01,185.139906,187.588680,179.087463,181.487934,28314085
2024-01-02,180.863090,181.949914,178.805234,179.886187,41529517
2024-01-03,180.124476,180.721270,176.112011,176.697451,17492354
2024-01-04,176.011931,176.260133,175.441455,175.689203,8923009
2024-01-05,175.008948,177.673803,173.100171,175.756868,64733696
2024-01-08,175.175415,179.331796,173.178582,177.310624,45153365
2024-01-09,178.266802,178.805958,174.101643,174.629798,9109281
2024-01-10,174.589280,176.914119,168.408426,170.681226,50898508
2024-01-11,170.746166,171.107893,170.152745,170.513980,61275389
2024-01-12,170.233886,173.124898,169.608935,172.491658,32928770
2024-01-15,172.813885,173.386221,172.325854,172.897952,43831310
2024-01-16,172.544098,174.834905,171.760829,174.044825,57263088
2024-01-17,174.987315,181.335790,173.971574,180.289273,66430362
2024-01-18,180.451780,182.411927,174.900705,176.821417,11532692
2024-01-19,176.540174,180.840849,175.267466,179.546468,53996493
2024-01-22,179.224886,179.852857,177.717883,178.342764,35276443
2024-01-23,178.283905,178.767491,174.391972,174.866288,60775908
2024-01-24,174.516091,177.858096,173.280482,176.607678,22356832
2024-01-25,176.673690,179.312338,174.580242,177.212506,23880704
2024-01-26,177.407293,179.929601,173.686500,176.191523,43573747
2024-01-29,176.069734,178.184048,175.266943,177.375304,15316062
2024-01-30,176.996133,182.954457,175.577229,181.499453,52949237
2024-01-31,181.206294,183.809500,179.262736,181.858942,37159114
2024-02-01,183.073397,185.921418,181.863254,184.700519,16013907
2024-02-02,185.747658,186.040103,181.207353,181.493099,27952602
2024-02-05,181.024848,185.536655,180.536573,185.037557,21563277
2024-02-06,184.609264,186.374497,182.503920,184.265870,13045068
2024-02-07,184.702284,189.184520,181.962000,186.418769,15443123
2024-02-08,185.934101,190.000422,183.197296,187.244331,57655720
2024-02-09,186.900463,189.220622,185.702214,188.015226,28261766
2024-02-12,187.887705,190.162007,183.888807,186.141977,45660898
2024-02-13,186.444849,189.565589,184.492400,187.601032,23191619
2024-02-14,187.643939,188.655266,184.840182,185.841796,19662236
2024-02-15,185.119028,188.587839,183.518745,186.971541,46061540
2024-02-16,186.591143,187.885619,184.096744,185.382837,54910574
2024-02-19,185.009915,193.328986,182.386676,190.626115,18496434
2024-02-20,190.717270,192.675261,188.343784,190.297464,20443463
2024-02-21,190.594901,191.311056,189.502170,190.216904,65846750
2024-02-22,190.701044,196.078559,188.202540,193.542823,43217216
2024-02-23,194.074289,197.622143,193.346144,196.883458,32222675
2024-02-26,195.976220,201.434267,193.368390,198.789007,32854811
2024-02-27,198.578270,200.729582,197.779900,199.925796,14919143
2024-02-28,200.510577,201.685677,198.493076,199.663210,67731466
2024-02-29,200.282444,205.239017,199.060481,203.994406,55574042
2024-03-01,204.126173,207.801633,202.513168,206.172459,57192164
2024-03-04,206.274677,209.231122,201.435925,204.364999,44233372
2024-03-05,204.165622,205.730409,203.751061,205.313517,65102948
2024-03-06,205.457564,210.438873,203.183818,208.135490,68522630
2024-03-07,207.570321,210.041516,202.009220,204.443186,27430734
2024-03-08,205.052410,208.702213,202.290086,205.928091,52619030
2024-03-11,207.678793,210.594641,201.874172,204.748884,65589460
2024-03-12,203.897194,204.742033,201.965694,202.806011,66604513
2024-03-13,202.080373,209.677187,201.277005,208.846919,60637648
2024-03-14,209.808145,211.775079,205.567337,207.512752,40953140
2024-03-15,207.663979,209.900627,205.872732,208.105571,52774730
2024-03-18,207.032938,208.708185,206.023909,207.695925,37630426
2024-03-19,207.581569,208.002327,206.658735,207.078473,30584084
2024-03-20,205.871259,207.075759,202.371047,203.562037,24761907
2024-03-21,204.428964,204.793656,200.158713,200.516425,23068564
2024-03-22,201.244045,202.215686,200.052303,201.022876,51959615
2024-03-25,201.190790,201.416740,199.739396,199.963968,62761842
2024-03-26,200.323608,202.304082,196.730973,198.695350,55247521
2024-03-27,199.046044,200.975978,194.800657,196.707921,57995304
2024-03-28,197.980980,198.868860,195.300386,196.180190,62703164
2024-03-29,195.514100,198.480360,193.328807,196.286434,61637543
2024-04-01,196.532474,196.867714,193.163216,193.493272,48964046
2024-04-02,192.678125,194.621197,189.271041,191.199198,34420579
2024-04-03,191.408127,192.072401,189.639339,190.299767,23899185
2024-04-04,189.451989,191.057128,187.826569,189.431534,36191279
2024-04-05,190.027265,192.658760,186.242766,188.858069,66543789
2024-04-08,189.575671,193.265613,188.762268,192.439921,25576747
2024-04-09,191.982241,194.123978,188.250026,190.373819,12070016
2024-04-10,190.707444,192.289212,189.829981,191.408522,54987876
2024-04-11,191.383631,195.674224,189.039268,193.306309,61324616
2024-04-12,192.354406,193.922302,189.858476,191.418746,11179057
2024-04-15,192.101367,193.075445,188.997110,189.960332,37523310
2024-04-16,190.279678,192.340625,187.028275,189.076187,40269302
2024-04-17,189.553762,191.915836,185.975523,188.322250,60482520
2024-04-18,187.678173,189.537725,184.783335,186.632527,49990918
2024-04-19,187.348451,187.734503,185.492347,185.875363,10532077
2024-04-22,185.652344,187.801734,178.175109,180.262093,11739217
2024-04-23,180.674412,183.117943,177.615494,180.050588,49282296
2024-04-24,179.385667,184.570246,177.614285,182.765489,47285911
2024-04-25,181.919424,186.042236,180.005317,184.105132,20173152
2024-04-26,183.829631,186.303563,182.194350,184.660888,62268382
2024-04-29,184.847795,186.677400,183.538568,185.364513,34514069
2024-04-30,185.323904,189.269124,183.654994,187.579898,33967762
2024-05-01,187.549765,190.398913,186.424284,189.263150,57575676
2024-05-02,189.471358,191.817974,187.690944,190.032288,67288762
2024-05-03,189.748979,191.218426,181.811000,183.229963,60321174
2024-05-06,183.631504,189.291194,181.096968,186.714111,52831550
2024-05-07,187.087311,189.217768,182.762371,184.867550,33469679
2024-05-08,184.435211,188.616954,181.816434,185.976296,44830621
2024-05-09,185.600510,191.603539,185.357095,191.352580,30069074
2024-05-10,191.591597,193.512485,189.285827,191.202817,43670124
2024-05-13,190.484571,199.751166,187.994842,197.174003,60258850
2024-05-14,196.451196,202.466357,193.681289,199.651329,45964187
2024-05-15,199.160353,202.136524,194.595507,197.547578,52760058
2024-05-16,198.644071,199.953701,196.373182,197.676433,63646639
2024-05-17,197.391981,198.691603,194.993466,196.285805,65707200
2024-05-20,196.207318,197.453278,191.255018,192.477292,36550668
2024-05-21,192.784596,198.932555,192.540722,198.681222,58709842
2024-05-22,199.123535,199.819965,198.746958,199.442783,19482201
2024-05-23,199.104601,201.003171,196.249641,198.139004,57316578
2024-05-24,198.135883,199.378890,197.246360,198.487787,28781788
2024-05-27,198.148090,201.694567,195.258250,198.795289,44835622
2024-05-28,199.742125,204.745211,197.348811,202.320996,42745818
2024-05-29,202.497502,202.713600,199.549636,199.762816,66503858
2024-05-30,200.198134,204.638409,198.450564,202.867537,44298029
2024-05-31,203.639954,206.409257,197.495303,200.218073,53140257
2024-06-03,199.982316,201.618564,199.237338,200.870278,34444281
2024-06-04,201.341123,203.681474,198.505172,200.839694,49100054
2024-06-05,201.605739,203.896529,200.184773,202.469476,45733340
2024-06-06,201.821922,203.030663,201.450073,202.657276,54622405
2024-06-07,203.163931,209.758960,202.797416,209.381228,64870351
2024-06-10,209.712496,212.181146,206.819225,209.282816,39186789
2024-06-11,209.968110,211.805222,206.847992,208.673780,67036530
2024-06-12,208.768347,211.214088,204.324116,206.746166,33320070
2024-06-13,206.383260,208.957009,205.447987,208.014345,45781120
2024-06-14,207.707408,209.807558,206.764872,208.859793,46652431
2024-06-17,209.284173,211.588808,208.624090,210.923555,24517735
2024-06-18,211.210896,214.374176,208.656175,211.812182,56883509
2024-06-19,213.000278,213.683775,209.342966,210.016889,11256627
2024-06-20,209.340625,210.678146,204.272371,205.585902,18212883
2024-06-21,205.650122,208.381260,200.024651,202.716833,27988826
2024-06-24,202.266225,206.391158,199.902131,204.006721,47169357
2024-06-25,203.951741,207.300424,203.151856,206.490581,60231182
2024-06-26,206.238594,207.157032,203.302303,204.211715,10659875
2024-06-27,204.916438,205.809688,198.694805,199.564727,26322502
2024-06-28,199.560761,202.475029,199.343506,202.254841,12625391
2024-07-01,202.666081,203.732230,201.045358,202.108573,35474009
2024-07-02,202.237531,209.041603,199.876098,206.628894,69927797
2024-07-03,206.584761,209.102536,199.250915,201.709269,9650002
2024-07-04,201.578356,203.466262,197.578215,199.446153,28896921
2024-07-05,199.300485,207.233949,196.410543,204.271919,55067551
2024-07-08,203.511701,207.067224,203.251178,206.802489,40052643
2024-07-09,206.996247,208.920221,204.920391,206.842939,8116895
2024-07-10,207.101298,210.945933,205.426663,209.253892,26780170
2024-07-11,209.334453,210.176560,207.938163,208.778032,54514737
2024-07-12,209.164378,211.831060,205.937258,208.596703,33950643
2024-07-15,208.012389,208.473856,206.334903,206.793667,40660628
2024-07-16,206.556832,208.704483,199.584710,201.681672,41726879
2024-07-17,201.639525,204.734154,199.456687,202.541552,43976589
2024-07-18,202.028732,204.445618,198.664298,201.069711,49942044
2024-07-19,202.572065,204.212831,199.714579,201.345409,42702439
2024-07-22,201.096237,205.347766,198.712763,202.942411,13426457
2024-07-23,203.322708,206.115767,202.232651,205.016628,52434063
2024-07-24,205.564618,205.794122,205.020531,205.249683,54858794
2024-07-25,205.721549,211.522281,203.406855,209.168799,67880774
2024-07-26,209.498123,210.760715,205.750388,206.997912,41186361
2024-07-29,208.044659,208.672916,202.516064,203.129478,62880975
2024-07-30,202.712169,205.899321,200.354154,203.531772,12062994
2024-07-31,203.547103,207.017348,201.805692,205.261272,42867539
2024-08-01,204.909676,211.091589,204.023167,210.182269,51645997
2024-08-02,209.204907,213.509583,206.357642,210.642749,42096128
2024-08-05,209.927173,213.834385,207.410815,211.301553,36547382
2024-08-06,210.791130,212.480233,209.360378,211.047740,60656432
2024-08-07,211.037182,213.903259,209.580413,212.436828,18983147
2024-08-08,212.337713,213.521085,210.293081,211.471627,10033358
2024-08-09,211.440837,212.984343,207.591542,209.118092,41403736
2024-08-12,208.918654,213.768682,205.974771,210.798313,31322958
2024-08-13,210.960472,211.372623,210.497821,210.909873,64886925
2024-08-14,209.484431,214.870259,208.976133,214.350155,28112183
2024-08-15,214.425329,219.274556,213.029870,217.856765,56543857
2024-08-16,218.768856,220.151656,215.856971,217.230044,26811009
2024-08-19,216.911529,218.910763,214.621893,216.618425,52765957
2024-08-20,215.374107,216.670367,212.897098,214.186209,56638164
2024-08-21,213.303005,218.892254,210.325089,215.878383,64936924
2024-08-22,216.951229,219.204851,208.768234,210.959616,23061279
2024-08-23,211.318723,213.739364,209.775630,212.189910,38051280
2024-08-26,212.397715,218.393162,210.740798,216.702662,62911685
2024-08-27,216.275710,221.806087,215.922517,221.444453,20251030
2024-08-28,221.333554,225.831782,219.198615,223.674265,34331841
2024-08-29,223.160065,226.330809,219.282688,222.443246,65469315
2024-08-30,221.928366,225.911441,221.544722,225.521585,44246023
2024-09-02,223.728207,228.912014,222.787133,227.953169,44138212
2024-09-03,226.912004,229.922922,225.643618,228.644850,35964169
2024-09-04,229.096908,229.465109,227.919726,228.286625,11280956
2024-09-05,228.231722,230.845994,217.568310,220.089315,68466392
2024-09-06,219.514754,220.919725,216.352080,217.745729,36696033
2024-09-09,218.333256,221.226639,211.973081,214.819905,52809646
2024-09-10,213.793855,220.789283,210.688307,217.628039,39222115
2024-09-11,218.252716,220.961916,215.740497,218.447455,61004888
2024-09-12,219.294531,221.504250,218.653333,220.858479,19648902
2024-09-13,220.460825,223.496677,215.564186,218.574056,17391372
2024-09-16,218.358405,219.186924,216.487084,217.311631,17877468
2024-09-17,217.348240,220.585718,214.923875,218.152383,13427367
2024-09-18,217.549100,219.247304,213.687706,215.368891,18257834
2024-09-19,214.776509,219.765727,213.206291,218.170694,43106689
2024-09-20,219.340181,222.534654,214.804343,217.978992,45271025
2024-09-23,216.993483,219.562550,214.920156,217.484531,37577326
2024-09-24,217.736228,218.956743,216.101230,217.319408,68834371
2024-09-25,217.161243,219.185336,213.903134,215.915616,67061318
2024-09-26,216.515723,218.159074,214.838671,216.481765,58791402
2024-09-27,217.404279,218.565014,214.997764,216.151811,61578978
2024-09-30,215.798223,219.171633,215.036496,218.400720,27073207
2024-10-01,218.026026,221.051983,210.980412,213.949795,46475422
2024-10-02,213.723353,215.433224,211.121439,212.824115,23334913
2024-10-03,211.354809,215.053710,209.298679,212.981752,24942666
2024-10-04,213.217942,232.341245,210.657737,229.584519,13914838
2024-10-07,230.657598,234.041406,223.952631,227.286992,67325287
2024-10-08,227.869070,230.774467,227.088712,229.986856,67734967
2024-10-09,228.772206,231.718332,227.589569,230.526626,16908870
2024-10-10,230.186092,233.552982,227.936468,231.292545,68015514
2024-10-11,230.992136,232.544960,225.943218,227.472380,41209695
2024-10-14,227.569465,233.265851,225.097448,230.759185,28844013
2024-10-15,230.713899,238.395955,227.537259,235.158124,49705213
2024-10-16,234.786302,235.910624,233.377375,234.500327,17334367
2024-10-17,233.036856,233.782440,230.667574,231.407947,26120393
2024-10-18,231.699313,232.167246,229.452747,229.917080,45042619
2024-10-21,229.888171,236.006703,228.442007,234.531330,62919554
2024-10-22,236.129446,238.591474,233.402069,235.861301,33998447
2024-10-23,235.391216,236.220932,234.851661,235.680713,36390521
2024-10-24,235.736410,239.239888,232.327264,235.829397,62165568
2024-10-25,235.649847,241.451753,233.522699,239.291730,32924351
2024-10-28,239.555957,242.550983,239.026114,242.015700,30674163
2024-10-29,241.917231,243.198336,239.280769,240.554658,33065443
2024-10-30,240.158268,244.022528,239.019971,242.871371,43267631
2024-10-31,242.530062,244.001310,242.011035,243.480251,66890718
2024-11-01,244.646435,247.973455,236.114747,239.370011,40679608
2024-11-04,239.148534,244.348256,237.471231,242.646420,37677763
2024-11-05,242.049862,244.831546,234.986891,237.718801,8443141
2024-11-06,238.086715,239.199552,236.590426,237.701462,22766979
2024-11-07,237.370263,239.893347,236.414586,238.931385,13140577
2024-11-08,238.890338,242.128910,236.398055,239.628922,39364593
2024-11-11,239.867971,243.416195,232.521769,236.012968,37797971
2024-11-12,234.960055,245.832984,231.635302,242.402912,38713797
2024-11-13,242.242022,249.482975,238.687320,245.874963,69938463
2024-11-14,246.661628,251.519080,245.032903,249.869175,66149228
2024-11-15,249.714465,250.302121,246.623763,247.205514,30099899
2024-11-18,248.931046,251.590888,245.715656,248.369498,29164834
2024-11-19,248.585118,252.874171,245.713635,249.986501,63377306
2024-11-20,249.806795,252.280521,246.643540,249.110369,29425678
2024-11-21,248.328165,251.045658,242.527598,245.210979,48840957
2024-11-22,244.277880,249.380092,242.154799,247.231341,22843877
2024-11-25,249.259828,252.484259,244.947284,248.157454,28584418
2024-11-26,248.402415,251.403428,240.945132,243.891650,43184251
2024-11-27,242.422083,244.392536,238.360662,240.313980,13459466
2024-11-28,240.818105,244.144800,232.009058,235.258958,56218060
2024-11-29,235.557910,239.607014,233.320021,237.352080,16421006
2024-12-02,236.976980,244.512354,235.985674,243.493787,34560431
2024-12-03,243.501816,258.164910,240.282493,254.796264,44920885
2024-12-04,255.700483,257.166808,253.208233,254.668641,51711364
2024-12-05,254.380044,254.808570,250.133039,250.555122,21880006
2024-12-06,250.809375,251.173117,246.308832,246.666565,29472512
2024-12-09,245.077424,247.241471,239.702416,241.837857,52057938
2024-12-10,241.699209,242.560144,240.967726,241.828271,36579196
2024-12-11,242.584519,252.440246,239.446659,249.216600,61892260
2024-12-12,250.248714,253.637549,243.398294,246.739610,68621918
2024-12-13,246.610904,251.522960,244.139431,249.027271,61015515
2024-12-16,248.711239,253.294964,247.138773,251.703580,32808410
2024-12-17,251.646094,252.935712,251.167645,252.455724,9785273
2024-12-18,252.437644,262.701144,250.443383,260.642069,25281740
2024-12-19,262.392845,266.050896,255.796947,259.413462,60376283
2024-12-20,259.821668,263.629778,256.871525,260.670003,51310282
2024-12-23,261.551059,263.479394,261.098410,263.024196,22644023
2024-12-24,262.549686,264.033277,261.457298,262.939268,38904070
2024-12-25,261.939565,263.805293,258.467087,260.321289,12479234
2024-12-26,260.834833,261.524894,259.277021,259.964780,52269475
2024-12-27,259.578070,265.326842,259.110421,264.849695,24549978
2024-12-30,264.581013,264.873083,264.127955,264.419846,14799089
2024-12-31,264.699720,271.918271,260.819969,267.990289,11545426
2025-01-01,268.083995,270.534595,265.404146,267.852631,20654051
2025-01-02,267.540238,278.718872,265.067376,276.166281,68168784
2025-01-03,275.786683,276.569161,274.074818,274.854651,48455879
2025-01-06,275.923579,286.176341,271.906967,282.070252,56853238
2025-01-07,282.340188,285.968714,280.614682,284.231648,12800017
2025-01-08,284.806179,288.301516,274.506737,277.917532,42812629
2025-01-09,279.503360,280.083808,274.593751,275.165189,38795780
2025-01-10,276.359912,282.276305,275.179568,281.075819,49971530
2025-01-13,280.199635,283.707443,275.787431,279.283773,26284419
2025-01-14,279.374953,284.792068,277.988805,283.386019,20864456
2025-01-15,284.488051,288.652266,283.172449,287.323552,40042252
2025-01-16,286.612101,290.096610,280.528950,283.981477,64792387
2025-01-17,283.502772,291.443459,279.261980,287.148138,63986962
2025-01-20,286.215855,287.468993,283.023051,284.267659,64798760
2025-01-21,283.967479,285.066662,283.449027,284.547152,28670376
2025-01-22,283.545728,289.544303,280.113479,286.081361,40935146
2025-01-23,285.501657,288.310572,279.971176,282.753050,50974569
2025-01-24,283.365575,283.870840,281.822839,282.326251,61460345
2025-01-27,281.740648,283.148539,280.623306,282.030049,43668701
2025-01-28,281.299542,281.912714,277.167518,277.773003,18347216
2025-01-29,278.337324,278.934395,271.195151,271.778152,49705665
2025-01-30,272.075999,274.178884,266.300309,268.374586,20821659
2025-01-31,268.286710,277.048165,264.497776,273.189984,46673784
2025-02-03,271.601933,282.285140,269.357659,279.971706,61238905
2025-02-04,280.582106,283.710786,279.792876,282.914994,65156273
2025-02-05,283.003147,285.240729,281.746256,283.979502,48485515
2025-02-06,284.128201,292.000828,280.217780,288.036616,67972431
2025-02-07,286.641499,287.062802,282.404924,282.820611,61074353
2025-02-10,282.128805,283.453359,276.317401,277.620790,26255389
2025-02-11,277.906199,278.813210,273.004133,273.898062,57599871
2025-02-12,272.151374,274.914431,267.216997,269.957783,33796115
2025-02-13,267.736061,268.515404,265.925759,266.702092,14140622
2025-02-14,266.365213,267.943221,261.388570,262.946323,58878602
2025-02-17,262.850460,264.261166,259.128431,260.526664,62916853
2025-02-18,260.309955,261.400889,254.189313,255.259079,26090880
2025-02-19,254.426895,257.114782,248.207979,250.858164,32793044
2025-02-20,249.716361,250.433813,244.939393,245.645148,60986852
2025-02-21,245.434590,249.109812,241.265277,244.932988,58739227
2025-02-24,245.813492,247.828950,242.202765,244.205035,67635796
2025-02-25,243.478418,251.412786,241.413564,249.298573,12806832
2025-02-26,250.184828,254.317809,248.074431,252.190494,55876871
2025-02-27,252.929737,254.755965,248.452342,250.259289,29363189
2025-02-28,251.393101,255.099885,247.037114,250.734182,52639594
2025-03-03,249.889484,260.443042,247.402624,257.876695,55094969
2025-03-04,256.831187,259.614137,256.514716,259.294631,55530455
2025-03-05,260.181245,263.557575,256.535748,259.908539,37341454
2025-03-06,260.464919,268.033128,257.630890,265.148142,64866312
2025-03-07,263.914385,271.816378,262.801130,270.674606,54168139
2025-03-10,272.197322,273.893157,270.688846,272.383648,18555313
2025-03-11,272.716958,276.949319,270.041596,274.258831,42708721
2025-03-12,274.986636,276.895876,269.074658,270.955913,27024007
2025-03-13,270.469497,273.083710,265.132410,267.720048,45456632
2025-03-14,268.256868,270.206198,263.761057,265.691747,11243621
2025-03-17,265.229055,269.978328,263.815938,268.547531,38549926
2025-03-18,269.175584,273.048264,264.491337,268.352170,24553495
2025-03-19,268.354012,271.489913,258.346330,261.400980,64569309
2025-03-20,261.925804,263.357090,260.650426,262.080957,63354962
2025-03-21,260.835259,267.443658,259.565173,266.147704,14596211
2025-03-24,267.075489,269.841101,259.563832,262.279783,15500041
2025-03-25,264.188271,266.588048,263.477039,265.872283,30452548
2025-03-26,264.227953,266.487358,263.948644,266.205958,11796510
2025-03-27,265.330186,268.267054,260.595603,263.512350,30197817
2025-03-28,264.488974,268.430266,257.271456,261.163189,36840234
2025-03-31,261.094921,263.011655,257.854194,259.761137,29177046
2025-04-01,259.588495,263.491087,256.848103,260.738555,15952563
2025-04-02,261.747947,266.552487,258.856890,263.640526,13302802
2025-04-03,265.053200,268.059630,257.605912,260.561392,8090372
2025-04-04,260.197047,265.371916,257.203996,262.354053,58638527
2025-04-07,262.672585,265.166356,259.217373,261.701929,43520709
2025-04-08,261.560229,268.507960,257.729046,264.631786,40544024
2025-04-09,264.536142,274.384190,261.415319,271.184930,49143733
2025-04-10,271.893716,274.496300,271.265312,273.863344,51698189
2025-04-11,274.845932,276.017572,269.242971,270.395640,31072194
2025-04-14,270.385846,272.674754,264.806263,267.067077,17939346
2025-04-15,267.619540,268.009095,262.177782,262.559971,60680914
2025-04-16,262.411905,265.309662,259.411549,262.308161,63592442
2025-04-17,261.889089,269.124645,259.931553,267.127950,37295927
2025-04-18,266.204047,271.977709,262.758938,268.502850,9339912
2025-04-21,267.946048,270.882850,267.512597,270.445356,39898551
2025-04-22,271.404196,278.525850,267.434981,274.511196,60175049
2025-04-23,275.008735,275.824034,272.309675,273.119373,55458808
2025-04-24,272.296793,274.322880,270.354413,272.379907,47923818
2025-04-25,271.937163,273.004343,270.011919,271.075718,54737662
2025-04-28,271.504727,274.452024,269.038402,271.981370,11710049
2025-04-29,271.027833,272.094638,269.773758,270.839823,37623015
2025-04-30,270.418205,276.946891,267.651305,274.141890,37904441
2025-05-01,273.593307,281.161262,271.321642,278.845983,49385926
2025-05-02,278.961691,282.761334,274.899171,278.695185,18119088
2025-05-05,278.312520,281.023816,276.302392,279.008660,18629130
2025-05-06,280.059569,282.505958,268.988324,271.358708,32061697
2025-05-07,272.111923,274.778490,270.569023,273.229255,50444670
2025-05-08,272.833884,276.769250,267.122967,271.032347,67512442
2025-05-09,269.646103,278.184848,266.574191,275.051357,67895323
2025-05-12,274.197090,275.109589,273.292356,274.204830,40605159
2025-05-13,274.631498,277.352261,268.378545,271.063963,18638910
2025-05-14,271.080223,278.836479,267.597193,275.299241,45305821
2025-05-15,276.055915,281.898314,272.663204,278.475862,36695956
2025-05-16,277.991682,280.148320,275.715214,277.870915,8853580
2025-05-19,277.718158,284.446027,274.451867,281.139498,67272763
2025-05-20,281.933741,284.762058,277.966381,280.783155,66729411
2025-05-21,281.095268,284.456958,276.456968,279.803206,33347479
2025-05-22,279.032569,287.124527,276.570781,284.613501,32881873
2025-05-23,284.907077,288.566270,280.731108,284.383578,41825867
2025-05-26,285.858398,289.373653,276.975080,280.423501,25272372
2025-05-27,280.245604,283.648669,273.041106,276.397442,11576780
2025-05-28,275.604478,279.543483,271.995941,275.930675,59220234
2025-05-29,274.707315,277.891017,274.060392,277.238134,43769107
2025-05-30,276.927890,279.976028,271.197116,274.215398,39125867
2025-06-02,274.115663,278.135342,270.979790,274.989473,33532759
2025-06-03,275.772821,281.549741,272.356719,278.104753,13238806
2025-06-04,278.726623,283.272401,275.322297,279.854301,62288017
2025-06-05,279.105411,285.617091,277.192310,283.672684,40357034
2025-06-06,283.188417,286.317114,281.714921,284.835050,45540526
2025-06-09,284.387029,286.295020,280.166862,282.059236,14657855
2025-06-10,282.112758,287.862731,279.746606,285.468434,18060398
2025-06-11,287.170128,289.405984,280.190891,282.389526,18389270
2025-06-12,282.586546,286.683529,279.998528,284.081817,14886430
2025-06-13,282.782716,290.123605,278.615175,285.909976,48333317
2025-06-16,286.566458,287.764358,283.492985,284.683011,24128460
2025-06-17,283.738593,288.907587,280.325312,285.473438,19353801
2025-06-18,286.514103,287.515186,280.341052,281.324000,27206201
2025-06-19,282.056266,285.485865,277.606059,281.023095,59472541
2025-06-20,280.817459,284.198871,279.473416,282.845124,41284218
2025-06-23,283.745181,284.944578,282.094739,283.292222,13778623
2025-06-24,283.429544,287.429506,275.795701,279.743644,9536384
2025-06-25,278.883752,281.691863,278.209897,281.012864,23240871
2025-06-26,281.642214,285.634044,276.619731,280.596743,32441508
2025-06-27,280.513299,281.663500,277.927945,279.072237,33648677
2025-06-30,279.935655,282.387659,274.860119,277.288941,20189261
2025-07-01,277.172478,280.241262,274.118297,277.186922,65895066
2025-07-02,276.804216,280.435549,265.023120,268.546117,53360364
2025-07-03,269.125708,272.587449,263.851247,267.289368,46678726
2025-07-04,266.642094,268.600907,264.825343,266.783194,37382880
2025-07-07,266.846316,270.435903,265.806243,269.385931,16458299
2025-07-08,268.602319,272.588202,263.905050,267.880217,16813177
2025-07-09,267.552632,270.248008,261.978243,264.644321,18601246
2025-07-10,264.211377,266.662949,263.366603,265.813054,36921558
2025-07-11,266.302343,268.678610,256.292017,258.599551,30076983
2025-07-14,257.479967,261.256378,251.743427,255.490661,44530762
2025-07-15,255.764104,258.681676,253.281035,256.194429,11621793
2025-07-16,255.917747,258.954614,251.934216,254.959714,16540535
2025-07-17,254.882372,258.805871,253.479434,257.389135,34687886
2025-07-18,257.828580,258.715595,255.450089,256.331955,57190117
2025-07-21,256.045278,259.396917,251.437464,254.772442,43643873
2025-07-22,254.175811,261.607777,250.590994,257.969456,18335997
2025-07-23,257.629965,257.956088,252.502101,252.822138,64162840
2025-07-24,252.453513,256.769293,250.609767,254.907624,55746442
2025-07-25,255.164691,257.273173,251.267771,253.361352,30070493
2025-07-28,253.063000,258.732516,249.297463,254.939063,33669196
2025-07-29,254.699687,259.737431,252.544802,257.558360,53481445
2025-07-30,257.616760,259.301959,253.008998,254.674953,9242405
2025-07-31,254.296575,255.357564,253.326644,254.387287,40454371
2025-08-01,255.150816,256.380433,251.825706,253.045176,11303113
2025-08-04,252.359106,256.418945,249.806799,253.851543,33520743
2025-08-05,254.182384,255.406219,244.302694,245.484651,37292509
2025-08-06,245.268355,246.035914,242.730782,243.492784,20146762
2025-08-07,241.919931,245.353718,241.465181,244.893379,41076871
2025-08-08,245.714266,247.025812,245.073647,246.383449,21919197
2025-08-11,245.209488,256.948753,244.768766,256.487760,64917902
2025-08-12,255.795370,258.450359,253.050608,255.704655,20993818
2025-08-13,256.319126,257.607140,254.171724,255.455398,42774427
2025-08-14,254.943778,258.438939,251.679229,255.171475,13553975
2025-08-15,255.098707,256.803006,252.849942,254.550580,35542464
2025-08-18,255.061346,258.650937,248.918157,252.471297,45931188
2025-08-19,252.221141,257.021363,249.261619,254.040493,51737861
2025-08-20,253.806729,259.335363,253.302286,258.820954,25112363
2025-08-21,258.659225,261.418029,252.231883,254.951137,40302688
2025-08-22,253.393912,260.472033,251.561155,258.601610,8330072
2025-08-25,260.208659,262.452116,256.112648,258.339994,36251359
2025-08-26,257.434592,260.480633,254.004757,257.046202,57112509
2025-08-27,258.130714,261.402863,249.323877,252.524966,32326207
2025-08-28,251.483853,256.306849,248.126546,252.930233,27190815
2025-08-29,253.136508,254.300343,248.511403,249.659251,31531599
2025-09-01,250.237081,253.239636,246.088340,249.076975,48855990
2025-09-02,249.262568,255.305871,245.532356,251.541554,20541579
2025-09-03,251.774213,257.694880,249.316990,255.204181,13768823
2025-09-04,255.467918,258.244223,231.666549,234.211853,11194557
2025-09-05,234.386513,237.808198,229.607169,233.008741,29517423
2025-09-08,232.769543,234.330436,231.855369,233.413731,30322315
2025-09-09,233.409081,235.414752,223.358680,225.294624,44029710
2025-09-10,226.015412,228.281048,221.493947,223.736741,62306532
2025-09-11,222.426463,223.886914,220.647953,222.106301,19215699
2025-09-12,221.302827,221.616733,220.386018,220.699068,64596911
2025-09-15,220.123993,222.610793,218.254436,220.736037,55147668
2025-09-16,221.954792,223.110517,218.388423,219.531530,68178441
2025-09-17,217.620683,220.481576,215.989775,218.841519,56842304
2025-09-18,218.340546,219.710512,217.094365,218.463629,28611314
2025-09-19,218.464125,224.227203,216.582675,222.312610,51769155
2025-09-22,222.097437,227.727107,218.825991,224.421429,41777093
2025-09-23,224.538202,225.799697,221.476909,222.728236,36843775
2025-09-24,222.187630,224.722204,221.782643,224.313343,54720366
2025-09-25,224.209748,224.557842,221.991205,222.336390,54671960
2025-09-26,222.025212,223.134495,219.329011,220.430326,68902886
2025-09-29,220.217300,220.924387,216.415242,217.112360,29964304
2025-09-30,216.022683,220.640476,214.260737,218.855425,65367840
2025-10-01,219.191777,225.104871,218.932233,224.838640,67025869
2025-10-02,225.507977,228.837687,222.638673,225.962599,38604510
2025-10-03,224.925129,228.561885,223.454078,227.076761,18469401
2025-10-06,227.748622,228.630030,224.412595,225.284466,45855820
2025-10-07,225.435636,226.485276,221.592780,222.629353,9076653
2025-10-08,224.314213,227.708453,221.539110,224.925784,54536684
2025-10-09,224.468577,226.788867,220.683002,222.987988,20948464
2025-10-10,222.580678,224.848115,221.151313,223.413403,52753163
2025-10-13,223.483787,227.471655,221.088744,225.059723,24933929
2025-10-14,225.485974,227.131184,224.359497,226.002127,9865025
2025-10-15,226.540921,228.308611,223.761979,225.521716,44460448
2025-10-16,226.205346,227.506355,220.725724,222.002561,48491218
2025-10-17,221.140354,224.038626,217.432989,220.320517,32117883
2025-10-20,220.279744,223.776679,218.128548,221.612468,8407288
2025-10-21,222.302786,223.799121,220.111819,221.603446,61399012
2025-10-22,221.371355,226.925673,218.103794,223.624849,18739059
2025-10-23,224.218144,227.458434,219.133383,222.346627,21066064
2025-10-24,222.320628,223.837329,215.336885,216.816034,63374821
2025-10-27,216.635411,219.870186,213.171872,216.403179,10584073
2025-10-28,216.429705,217.819144,215.390042,216.777810,51466033
2025-10-29,216.162724,226.421806,215.327852,225.550675,66632633
2025-10-30,226.468672,228.627510,225.541687,227.695503,29477662
2025-10-31,227.699292,232.421983,226.648485,231.354310,25379404
2025-11-03,231.722223,235.041819,225.014479,228.284832,47101261
2025-11-04,228.035703,230.742508,226.200201,228.900049,12285963
2025-11-05,227.711872,230.357209,227.253156,229.894097,21671850
2025-11-06,229.437261,232.865640,227.467598,230.883561,20018663
2025-11-07,229.854446,231.471336,223.582978,225.166893,44210071
2025-11-10,225.650881,229.591963,223.271759,227.196544,27374351
2025-11-11,226.737416,231.557522,225.494961,230.295570,62814283
2025-11-12,230.155113,242.311085,226.733545,238.761570,36219738
2025-11-13,237.265758,241.617576,235.323136,239.655388,39034362
2025-11-14,240.486720,243.017536,234.564705,237.059454,40579075
2025-11-17,236.520865,238.030742,234.506164,236.012798,62136355
2025-11-18,235.326949,238.718197,233.104806,236.485118,33253568
2025-11-19,236.229168,238.004205,234.216224,235.989460,35644583
2025-11-20,236.192552,238.164210,233.239802,235.203201,48561259
2025-11-21,234.727419,235.124604,232.378600,232.772477,66312326
2025-11-24,232.479447,236.345969,229.524315,233.379397,63519296
2025-11-25,233.381290,234.582451,229.471393,230.658541,39479388
2025-11-26,229.740494,230.761431,228.600810,229.621217,55041813
2025-11-27,230.098148,231.325114,225.617309,226.826832,15056572
2025-11-28,226.161746,228.946235,223.607804,226.389718,61849717
2025-12-01,225.678317,231.658641,224.848271,230.809721,54656176
2025-12-02,230.322976,233.236016,225.209079,228.093926,23157536
2025-12-03,229.120247,232.018733,228.237322,231.128070,60544194
2025-12-04,230.889057,233.574163,225.894099,228.552027,15182644
2025-12-05,227.927783,239.458180,225.499982,236.934443,27353648
2025-12-08,236.302200,239.052248,235.141416,237.883694,13432373
2025-12-09,237.809597,240.433308,235.443429,238.064603,36001730
2025-12-10,238.524023,239.413609,236.789766,237.676190,21113538
2025-12-11,237.204788,239.647369,235.737771,238.174356,10284137
2025-12-12,238.012375,238.798061,236.267194,237.049702,33364770
2025-12-15,237.279248,245.700397,233.732639,242.082002,42833216
2025-12-16,241.874867,244.434257,237.536130,240.076491,11245587
2025-12-17,239.419810,239.675623,238.796129,239.051549,31872996
2025-12-18,240.210589,247.675998,236.905155,244.314097,50914066
2025-12-19,243.024742,245.495643,240.299021,242.767304,38759781
2025-12-22,242.663714,249.724980,241.252322,248.280916,54556703
2025-12-23,247.849507,250.066078,244.477829,246.683976,43252735
2025-12-24,247.092171,247.851364,240.646455,241.388122,53809355
2025-12-25,241.061251,242.282780,238.906853,240.123631,40707133
2025-12-26,238.781952,246.173993,235.375882,242.711865,27930625
2025-12-29,241.645795,246.438104,239.888020,244.658415,55570317
2025-12-30,243.576482,245.555216,241.859554,243.836455,50929661
2025-12-31,243.958716,244.733232,239.637139,240.400358,42121449
